,from,to,pad_min,pad_max
1,1,2,0.0748,0.1239
2,1,5,0.14282,0.19938
3,2,3,0.13622,0.16643
4,2,4,0.08945,0.11655
5,2,5,0.06094,0.08586
6,3,4,-0.05581,-0.03851
7,4,5,-0.03393,-0.02452
8,4,7,0.05358,0.06649
9,4,9,0.08175,0.10163
10,5,6,0.09682,0.12183
11,6,11,0.00622,0.01509
12,6,12,0.01507,0.01857
13,6,13,0.01553,0.02113
14,7,8,-0.00082,0.00082
15,7,9,0.028,0.03526
16,9,10,0.00212,0.00497
17,9,14,0.01897,0.02652
18,10,11,-0.00885,-0.00169
19,12,13,-0.00021,0.00291
20,13,14,0.01146,0.02134
