,v_min,v_max
1,0.98182,1.06
2,0.95761,1.04074
3,0.94,1.01805
4,0.94,1.01253
5,0.9404,1.01441
6,0.9625,1.06
7,0.95044,1.04497
8,0.94,1.06
9,0.95283,1.04188
10,0.95153,1.03755
11,0.95815,1.04512
12,0.94775,1.04474
13,0.94421,1.03961
14,0.94,1.02267
